[
    {
        "date": "Aug 08, 2017",
        "price": "296.77"
    },
    {
        "date": "Aug 07, 2017",
        "price": "269.18"
    },
    {
        "date": "Aug 06, 2017",
        "price": "261.57"
    },
    {
        "date": "Aug 05, 2017",
        "price": "256.51"
    },
    {
        "date": "Aug 04, 2017",
        "price": "223.07"
    },
    {
        "date": "Aug 03, 2017",
        "price": "225.34"
    },
    {
        "date": "Aug 02, 2017",
        "price": "219.95"
    },
    {
        "date": "Aug 01, 2017",
        "price": "226.77"
    },
    {
        "date": "Jul 31, 2017",
        "price": "203.87"
    },
    {
        "date": "Jul 30, 2017",
        "price": "197.98"
    },
    {
        "date": "Jul 29, 2017",
        "price": "205.79"
    },
    {
        "date": "Jul 28, 2017",
        "price": "193.12"
    },
    {
        "date": "Jul 27, 2017",
        "price": "204.32"
    },
    {
        "date": "Jul 26, 2017",
        "price": "203.95"
    },
    {
        "date": "Jul 25, 2017",
        "price": "206.71"
    },
    {
        "date": "Jul 24, 2017",
        "price": "224.71"
    },
    {
        "date": "Jul 23, 2017",
        "price": "225.95"
    },
    {
        "date": "Jul 22, 2017",
        "price": "229.48"
    },
    {
        "date": "Jul 21, 2017",
        "price": "218.31"
    },
    {
        "date": "Jul 20, 2017",
        "price": "227.26"
    },
    {
        "date": "Jul 19, 2017",
        "price": "199.70"
    },
    {
        "date": "Jul 18, 2017",
        "price": "234.39"
    },
    {
        "date": "Jul 17, 2017",
        "price": "193.42"
    },
    {
        "date": "Jul 16, 2017",
        "price": "157.36"
    },
    {
        "date": "Jul 15, 2017",
        "price": "170.66"
    },
    {
        "date": "Jul 14, 2017",
        "price": "199.66"
    },
    {
        "date": "Jul 13, 2017",
        "price": "209.73"
    },
    {
        "date": "Jul 12, 2017",
        "price": "230.77"
    },
    {
        "date": "Jul 11, 2017",
        "price": "197.40"
    },
    {
        "date": "Jul 10, 2017",
        "price": "215.36"
    },
    {
        "date": "Jul 09, 2017",
        "price": "242.14"
    },
    {
        "date": "Jul 08, 2017",
        "price": "251.70"
    },
    {
        "date": "Jul 07, 2017",
        "price": "245.99"
    },
    {
        "date": "Jul 06, 2017",
        "price": "270.55"
    },
    {
        "date": "Jul 05, 2017",
        "price": "268.77"
    },
    {
        "date": "Jul 04, 2017",
        "price": "273.30"
    },
    {
        "date": "Jul 03, 2017",
        "price": "282.90"
    },
    {
        "date": "Jul 02, 2017",
        "price": "287.99"
    },
    {
        "date": "Jul 01, 2017",
        "price": "274.60"
    },
    {
        "date": "Jun 30, 2017",
        "price": "294.92"
    },
    {
        "date": "Jun 29, 2017",
        "price": "302.88"
    },
    {
        "date": "Jun 28, 2017",
        "price": "327.93"
    },
    {
        "date": "Jun 27, 2017",
        "price": "293.09"
    },
    {
        "date": "Jun 26, 2017",
        "price": "272.69"
    },
    {
        "date": "Jun 25, 2017",
        "price": "303.25"
    },
    {
        "date": "Jun 24, 2017",
        "price": "323.70"
    },
    {
        "date": "Jun 23, 2017",
        "price": "341.74"
    },
    {
        "date": "Jun 22, 2017",
        "price": "336.37"
    },
    {
        "date": "Jun 21, 2017",
        "price": "336.87"
    },
    {
        "date": "Jun 20, 2017",
        "price": "359.00"
    },
    {
        "date": "Jun 19, 2017",
        "price": "370.06"
    },
    {
        "date": "Jun 18, 2017",
        "price": "371.46"
    },
    {
        "date": "Jun 17, 2017",
        "price": "379.41"
    },
    {
        "date": "Jun 16, 2017",
        "price": "370.23"
    },
    {
        "date": "Jun 15, 2017",
        "price": "361.93"
    },
    {
        "date": "Jun 14, 2017",
        "price": "359.05"
    },
    {
        "date": "Jun 13, 2017",
        "price": "397.54"
    },
    {
        "date": "Jun 12, 2017",
        "price": "401.49"
    },
    {
        "date": "Jun 11, 2017",
        "price": "340.61"
    },
    {
        "date": "Jun 10, 2017",
        "price": "337.67"
    },
    {
        "date": "Jun 09, 2017",
        "price": "281.74"
    },
    {
        "date": "Jun 08, 2017",
        "price": "261.67"
    },
    {
        "date": "Jun 07, 2017",
        "price": "258.07"
    },
    {
        "date": "Jun 06, 2017",
        "price": "264.47"
    },
    {
        "date": "Jun 05, 2017",
        "price": "248.46"
    },
    {
        "date": "Jun 04, 2017",
        "price": "245.33"
    },
    {
        "date": "Jun 03, 2017",
        "price": "224.38"
    },
    {
        "date": "Jun 02, 2017",
        "price": "223.78"
    },
    {
        "date": "Jun 01, 2017",
        "price": "222.24"
    },
    {
        "date": "May 31, 2017",
        "price": "230.67"
    },
    {
        "date": "May 30, 2017",
        "price": "231.91"
    },
    {
        "date": "May 29, 2017",
        "price": "194.91"
    },
    {
        "date": "May 28, 2017",
        "price": "170.51"
    },
    {
        "date": "May 27, 2017",
        "price": "157.76"
    },
    {
        "date": "May 26, 2017",
        "price": "160.40"
    },
    {
        "date": "May 25, 2017",
        "price": "174.45"
    },
    {
        "date": "May 24, 2017",
        "price": "190.05"
    },
    {
        "date": "May 23, 2017",
        "price": "181.95"
    },
    {
        "date": "May 22, 2017",
        "price": "174.26"
    },
    {
        "date": "May 21, 2017",
        "price": "157.94"
    },
    {
        "date": "May 20, 2017",
        "price": "126.52"
    },
    {
        "date": "May 19, 2017",
        "price": "129.53"
    },
    {
        "date": "May 18, 2017",
        "price": "96.91"
    },
    {
        "date": "May 17, 2017",
        "price": "89.86"
    },
    {
        "date": "May 16, 2017",
        "price": "89.44"
    },
    {
        "date": "May 15, 2017",
        "price": "92.41"
    },
    {
        "date": "May 14, 2017",
        "price": "90.79"
    },
    {
        "date": "May 13, 2017",
        "price": "90.84"
    },
    {
        "date": "May 12, 2017",
        "price": "88.66"
    },
    {
        "date": "May 11, 2017",
        "price": "89.88"
    },
    {
        "date": "May 10, 2017",
        "price": "89.52"
    },
    {
        "date": "May 09, 2017",
        "price": "91.16"
    },
    {
        "date": "May 08, 2017",
        "price": "91.42"
    },
    {
        "date": "May 07, 2017",
        "price": "94.01"
    },
    {
        "date": "May 06, 2017",
        "price": "97.81"
    },
    {
        "date": "May 05, 2017",
        "price": "94.40"
    },
    {
        "date": "May 04, 2017",
        "price": "96.98"
    },
    {
        "date": "May 03, 2017",
        "price": "79.72"
    },
    {
        "date": "May 02, 2017",
        "price": "77.26"
    },
    {
        "date": "May 01, 2017",
        "price": "76.30"
    },
    {
        "date": "Apr 30, 2017",
        "price": "79.02"
    },
    {
        "date": "Apr 29, 2017",
        "price": "68.38"
    },
    {
        "date": "Apr 28, 2017",
        "price": "70.16"
    },
    {
        "date": "Apr 27, 2017",
        "price": "62.17"
    },
    {
        "date": "Apr 26, 2017",
        "price": "52.72"
    },
    {
        "date": "Apr 25, 2017",
        "price": "49.89"
    },
    {
        "date": "Apr 24, 2017",
        "price": "50.03"
    },
    {
        "date": "Apr 23, 2017",
        "price": "48.49"
    },
    {
        "date": "Apr 22, 2017",
        "price": "48.55"
    },
    {
        "date": "Apr 21, 2017",
        "price": "48.22"
    },
    {
        "date": "Apr 20, 2017",
        "price": "49.67"
    },
    {
        "date": "Apr 19, 2017",
        "price": "48.31"
    },
    {
        "date": "Apr 18, 2017",
        "price": "50.71"
    },
    {
        "date": "Apr 17, 2017",
        "price": "48.30"
    },
    {
        "date": "Apr 16, 2017",
        "price": "48.72"
    },
    {
        "date": "Apr 15, 2017",
        "price": "49.10"
    },
    {
        "date": "Apr 14, 2017",
        "price": "47.57"
    },
    {
        "date": "Apr 13, 2017",
        "price": "50.22"
    },
    {
        "date": "Apr 12, 2017",
        "price": "46.29"
    },
    {
        "date": "Apr 11, 2017",
        "price": "43.41"
    },
    {
        "date": "Apr 10, 2017",
        "price": "43.44"
    },
    {
        "date": "Apr 09, 2017",
        "price": "43.27"
    },
    {
        "date": "Apr 08, 2017",
        "price": "44.31"
    },
    {
        "date": "Apr 07, 2017",
        "price": "42.16"
    },
    {
        "date": "Apr 06, 2017",
        "price": "43.24"
    },
    {
        "date": "Apr 05, 2017",
        "price": "45.30"
    },
    {
        "date": "Apr 04, 2017",
        "price": "44.64"
    },
    {
        "date": "Apr 03, 2017",
        "price": "44.36"
    },
    {
        "date": "Apr 02, 2017",
        "price": "48.75"
    },
    {
        "date": "Apr 01, 2017",
        "price": "50.70"
    },
    {
        "date": "Mar 31, 2017",
        "price": "50.04"
    },
    {
        "date": "Mar 30, 2017",
        "price": "52.21"
    },
    {
        "date": "Mar 29, 2017",
        "price": "53.13"
    },
    {
        "date": "Mar 28, 2017",
        "price": "50.77"
    },
    {
        "date": "Mar 27, 2017",
        "price": "49.67"
    },
    {
        "date": "Mar 26, 2017",
        "price": "50.52"
    },
    {
        "date": "Mar 25, 2017",
        "price": "51.25"
    },
    {
        "date": "Mar 24, 2017",
        "price": "53.11"
    },
    {
        "date": "Mar 23, 2017",
        "price": "43.68"
    },
    {
        "date": "Mar 22, 2017",
        "price": "42.34"
    },
    {
        "date": "Mar 21, 2017",
        "price": "43.15"
    },
    {
        "date": "Mar 20, 2017",
        "price": "43.39"
    },
    {
        "date": "Mar 19, 2017",
        "price": "44.74"
    },
    {
        "date": "Mar 18, 2017",
        "price": "34.16"
    },
    {
        "date": "Mar 17, 2017",
        "price": "46.83"
    },
    {
        "date": "Mar 16, 2017",
        "price": "46.35"
    },
    {
        "date": "Mar 15, 2017",
        "price": "35.06"
    },
    {
        "date": "Mar 14, 2017",
        "price": "28.65"
    },
    {
        "date": "Mar 13, 2017",
        "price": "28.59"
    },
    {
        "date": "Mar 12, 2017",
        "price": "23.44"
    },
    {
        "date": "Mar 11, 2017",
        "price": "21.47"
    },
    {
        "date": "Mar 10, 2017",
        "price": "19.33"
    },
    {
        "date": "Mar 09, 2017",
        "price": "17.75"
    },
    {
        "date": "Mar 08, 2017",
        "price": "16.65"
    },
    {
        "date": "Mar 07, 2017",
        "price": "18.89"
    },
    {
        "date": "Mar 06, 2017",
        "price": "19.61"
    },
    {
        "date": "Mar 05, 2017",
        "price": "19.30"
    },
    {
        "date": "Mar 04, 2017",
        "price": "18.62"
    },
    {
        "date": "Mar 03, 2017",
        "price": "19.46"
    },
    {
        "date": "Mar 02, 2017",
        "price": "19.03"
    },
    {
        "date": "Mar 01, 2017",
        "price": "17.35"
    },
    {
        "date": "Feb 28, 2017",
        "price": "15.82"
    },
    {
        "date": "Feb 27, 2017",
        "price": "15.40"
    },
    {
        "date": "Feb 26, 2017",
        "price": "14.52"
    },
    {
        "date": "Feb 25, 2017",
        "price": "13.55"
    },
    {
        "date": "Feb 24, 2017",
        "price": "13.07"
    },
    {
        "date": "Feb 23, 2017",
        "price": "13.12"
    },
    {
        "date": "Feb 22, 2017",
        "price": "12.60"
    },
    {
        "date": "Feb 21, 2017",
        "price": "12.67"
    },
    {
        "date": "Feb 20, 2017",
        "price": "12.43"
    },
    {
        "date": "Feb 19, 2017",
        "price": "12.76"
    },
    {
        "date": "Feb 18, 2017",
        "price": "12.81"
    },
    {
        "date": "Feb 17, 2017",
        "price": "12.68"
    },
    {
        "date": "Feb 16, 2017",
        "price": "12.90"
    },
    {
        "date": "Feb 15, 2017",
        "price": "12.92"
    },
    {
        "date": "Feb 14, 2017",
        "price": "13.03"
    },
    {
        "date": "Feb 13, 2017",
        "price": "11.27"
    },
    {
        "date": "Feb 12, 2017",
        "price": "11.40"
    },
    {
        "date": "Feb 11, 2017",
        "price": "11.35"
    },
    {
        "date": "Feb 10, 2017",
        "price": "11.28"
    },
    {
        "date": "Feb 09, 2017",
        "price": "11.03"
    },
    {
        "date": "Feb 08, 2017",
        "price": "11.43"
    },
    {
        "date": "Feb 07, 2017",
        "price": "11.52"
    },
    {
        "date": "Feb 06, 2017",
        "price": "11.39"
    },
    {
        "date": "Feb 05, 2017",
        "price": "11.35"
    },
    {
        "date": "Feb 04, 2017",
        "price": "11.43"
    },
    {
        "date": "Feb 03, 2017",
        "price": "11.11"
    },
    {
        "date": "Feb 02, 2017",
        "price": "10.82"
    },
    {
        "date": "Feb 01, 2017",
        "price": "10.73"
    },
    {
        "date": "Jan 31, 2017",
        "price": "10.73"
    },
    {
        "date": "Jan 30, 2017",
        "price": "10.57"
    },
    {
        "date": "Jan 29, 2017",
        "price": "10.48"
    },
    {
        "date": "Jan 28, 2017",
        "price": "10.56"
    },
    {
        "date": "Jan 27, 2017",
        "price": "10.54"
    },
    {
        "date": "Jan 26, 2017",
        "price": "10.59"
    },
    {
        "date": "Jan 25, 2017",
        "price": "10.57"
    },
    {
        "date": "Jan 24, 2017",
        "price": "10.63"
    },
    {
        "date": "Jan 23, 2017",
        "price": "10.82"
    },
    {
        "date": "Jan 22, 2017",
        "price": "10.70"
    },
    {
        "date": "Jan 21, 2017",
        "price": "10.91"
    },
    {
        "date": "Jan 20, 2017",
        "price": "10.60"
    },
    {
        "date": "Jan 19, 2017",
        "price": "10.40"
    },
    {
        "date": "Jan 18, 2017",
        "price": "10.23"
    },
    {
        "date": "Jan 17, 2017",
        "price": "10.30"
    },
    {
        "date": "Jan 16, 2017",
        "price": "9.64"
    },
    {
        "date": "Jan 15, 2017",
        "price": "9.90"
    },
    {
        "date": "Jan 14, 2017",
        "price": "9.65"
    },
    {
        "date": "Jan 13, 2017",
        "price": "9.77"
    },
    {
        "date": "Jan 12, 2017",
        "price": "9.86"
    },
    {
        "date": "Jan 11, 2017",
        "price": "9.72"
    },
    {
        "date": "Jan 10, 2017",
        "price": "10.55"
    },
    {
        "date": "Jan 09, 2017",
        "price": "10.33"
    },
    {
        "date": "Jan 08, 2017",
        "price": "10.29"
    },
    {
        "date": "Jan 07, 2017",
        "price": "9.87"
    },
    {
        "date": "Jan 06, 2017",
        "price": "10.25"
    },
    {
        "date": "Jan 05, 2017",
        "price": "10.25"
    },
    {
        "date": "Jan 04, 2017",
        "price": "11.25"
    },
    {
        "date": "Jan 03, 2017",
        "price": "9.73"
    },
    {
        "date": "Jan 02, 2017",
        "price": "8.38"
    },
    {
        "date": "Jan 01, 2017",
        "price": "8.17"
    },
    {
        "date": "Dec 31, 2016",
        "price": "7.97"
    },
    {
        "date": "Dec 30, 2016",
        "price": "8.16"
    },
    {
        "date": "Dec 29, 2016",
        "price": "8.28"
    },
    {
        "date": "Dec 28, 2016",
        "price": "7.52"
    },
    {
        "date": "Dec 27, 2016",
        "price": "7.17"
    },
    {
        "date": "Dec 26, 2016",
        "price": "7.27"
    },
    {
        "date": "Dec 25, 2016",
        "price": "7.18"
    },
    {
        "date": "Dec 24, 2016",
        "price": "7.27"
    },
    {
        "date": "Dec 23, 2016",
        "price": "7.17"
    },
    {
        "date": "Dec 22, 2016",
        "price": "7.58"
    },
    {
        "date": "Dec 21, 2016",
        "price": "7.91"
    },
    {
        "date": "Dec 20, 2016",
        "price": "7.66"
    },
    {
        "date": "Dec 19, 2016",
        "price": "7.64"
    },
    {
        "date": "Dec 18, 2016",
        "price": "7.87"
    },
    {
        "date": "Dec 17, 2016",
        "price": "7.88"
    },
    {
        "date": "Dec 16, 2016",
        "price": "7.86"
    },
    {
        "date": "Dec 15, 2016",
        "price": "7.83"
    },
    {
        "date": "Dec 14, 2016",
        "price": "8.27"
    },
    {
        "date": "Dec 13, 2016",
        "price": "8.42"
    },
    {
        "date": "Dec 12, 2016",
        "price": "8.52"
    },
    {
        "date": "Dec 11, 2016",
        "price": "8.19"
    },
    {
        "date": "Dec 10, 2016",
        "price": "8.13"
    },
    {
        "date": "Dec 09, 2016",
        "price": "8.45"
    },
    {
        "date": "Dec 08, 2016",
        "price": "8.23"
    },
    {
        "date": "Dec 07, 2016",
        "price": "8.38"
    },
    {
        "date": "Dec 06, 2016",
        "price": "7.87"
    },
    {
        "date": "Dec 05, 2016",
        "price": "6.82"
    },
    {
        "date": "Dec 04, 2016",
        "price": "7.44"
    },
    {
        "date": "Dec 03, 2016",
        "price": "7.92"
    },
    {
        "date": "Dec 02, 2016",
        "price": "7.76"
    },
    {
        "date": "Dec 01, 2016",
        "price": "8.45"
    },
    {
        "date": "Nov 30, 2016",
        "price": "8.59"
    },
    {
        "date": "Nov 29, 2016",
        "price": "8.17"
    },
    {
        "date": "Nov 28, 2016",
        "price": "8.72"
    },
    {
        "date": "Nov 27, 2016",
        "price": "9.00"
    },
    {
        "date": "Nov 26, 2016",
        "price": "9.33"
    },
    {
        "date": "Nov 25, 2016",
        "price": "9.40"
    },
    {
        "date": "Nov 24, 2016",
        "price": "9.23"
    },
    {
        "date": "Nov 23, 2016",
        "price": "9.84"
    },
    {
        "date": "Nov 22, 2016",
        "price": "9.91"
    },
    {
        "date": "Nov 21, 2016",
        "price": "9.62"
    },
    {
        "date": "Nov 20, 2016",
        "price": "9.58"
    },
    {
        "date": "Nov 19, 2016",
        "price": "9.66"
    },
    {
        "date": "Nov 18, 2016",
        "price": "9.48"
    },
    {
        "date": "Nov 17, 2016",
        "price": "9.99"
    },
    {
        "date": "Nov 16, 2016",
        "price": "10.06"
    },
    {
        "date": "Nov 15, 2016",
        "price": "10.22"
    },
    {
        "date": "Nov 14, 2016",
        "price": "9.97"
    },
    {
        "date": "Nov 13, 2016",
        "price": "10.10"
    },
    {
        "date": "Nov 12, 2016",
        "price": "9.88"
    },
    {
        "date": "Nov 11, 2016",
        "price": "10.29"
    },
    {
        "date": "Nov 10, 2016",
        "price": "10.52"
    },
    {
        "date": "Nov 09, 2016",
        "price": "10.66"
    },
    {
        "date": "Nov 08, 2016",
        "price": "10.83"
    },
    {
        "date": "Nov 07, 2016",
        "price": "10.81"
    },
    {
        "date": "Nov 06, 2016",
        "price": "10.87"
    },
    {
        "date": "Nov 05, 2016",
        "price": "11.00"
    },
    {
        "date": "Nov 04, 2016",
        "price": "11.09"
    },
    {
        "date": "Nov 03, 2016",
        "price": "10.80"
    },
    {
        "date": "Nov 02, 2016",
        "price": "10.75"
    },
    {
        "date": "Nov 01, 2016",
        "price": "10.77"
    },
    {
        "date": "Oct 31, 2016",
        "price": "11.00"
    },
    {
        "date": "Oct 30, 2016",
        "price": "11.18"
    },
    {
        "date": "Oct 29, 2016",
        "price": "10.44"
    },
    {
        "date": "Oct 28, 2016",
        "price": "11.09"
    },
    {
        "date": "Oct 27, 2016",
        "price": "11.50"
    },
    {
        "date": "Oct 26, 2016",
        "price": "11.53"
    },
    {
        "date": "Oct 25, 2016",
        "price": "11.41"
    },
    {
        "date": "Oct 24, 2016",
        "price": "11.97"
    },
    {
        "date": "Oct 23, 2016",
        "price": "12.04"
    },
    {
        "date": "Oct 22, 2016",
        "price": "12.07"
    },
    {
        "date": "Oct 21, 2016",
        "price": "12.18"
    },
    {
        "date": "Oct 20, 2016",
        "price": "12.10"
    },
    {
        "date": "Oct 19, 2016",
        "price": "12.02"
    },
    {
        "date": "Oct 18, 2016",
        "price": "12.59"
    },
    {
        "date": "Oct 17, 2016",
        "price": "12.01"
    },
    {
        "date": "Oct 16, 2016",
        "price": "11.95"
    },
    {
        "date": "Oct 15, 2016",
        "price": "11.98"
    },
    {
        "date": "Oct 14, 2016",
        "price": "11.94"
    },
    {
        "date": "Oct 13, 2016",
        "price": "11.96"
    },
    {
        "date": "Oct 12, 2016",
        "price": "11.93"
    },
    {
        "date": "Oct 11, 2016",
        "price": "11.79"
    },
    {
        "date": "Oct 10, 2016",
        "price": "11.76"
    },
    {
        "date": "Oct 09, 2016",
        "price": "12.05"
    },
    {
        "date": "Oct 08, 2016",
        "price": "12.22"
    },
    {
        "date": "Oct 07, 2016",
        "price": "12.67"
    },
    {
        "date": "Oct 06, 2016",
        "price": "12.85"
    },
    {
        "date": "Oct 05, 2016",
        "price": "13.04"
    },
    {
        "date": "Oct 04, 2016",
        "price": "13.28"
    },
    {
        "date": "Oct 03, 2016",
        "price": "13.45"
    },
    {
        "date": "Oct 02, 2016",
        "price": "13.20"
    },
    {
        "date": "Oct 01, 2016",
        "price": "13.17"
    },
    {
        "date": "Sep 30, 2016",
        "price": "13.22"
    },
    {
        "date": "Sep 29, 2016",
        "price": "13.07"
    },
    {
        "date": "Sep 28, 2016",
        "price": "13.27"
    },
    {
        "date": "Sep 27, 2016",
        "price": "13.10"
    },
    {
        "date": "Sep 26, 2016",
        "price": "12.82"
    },
    {
        "date": "Sep 25, 2016",
        "price": "13.10"
    },
    {
        "date": "Sep 24, 2016",
        "price": "12.88"
    },
    {
        "date": "Sep 23, 2016",
        "price": "13.33"
    },
    {
        "date": "Sep 22, 2016",
        "price": "13.25"
    },
    {
        "date": "Sep 21, 2016",
        "price": "13.77"
    },
    {
        "date": "Sep 20, 2016",
        "price": "14.43"
    },
    {
        "date": "Sep 19, 2016",
        "price": "13.19"
    },
    {
        "date": "Sep 18, 2016",
        "price": "12.43"
    },
    {
        "date": "Sep 17, 2016",
        "price": "12.70"
    },
    {
        "date": "Sep 16, 2016",
        "price": "12.56"
    },
    {
        "date": "Sep 15, 2016",
        "price": "11.94"
    },
    {
        "date": "Sep 14, 2016",
        "price": "11.92"
    },
    {
        "date": "Sep 13, 2016",
        "price": "11.92"
    },
    {
        "date": "Sep 12, 2016",
        "price": "11.89"
    },
    {
        "date": "Sep 11, 2016",
        "price": "11.64"
    },
    {
        "date": "Sep 10, 2016",
        "price": "12.17"
    },
    {
        "date": "Sep 09, 2016",
        "price": "11.65"
    },
    {
        "date": "Sep 08, 2016",
        "price": "11.35"
    },
    {
        "date": "Sep 07, 2016",
        "price": "11.55"
    },
    {
        "date": "Sep 06, 2016",
        "price": "11.69"
    },
    {
        "date": "Sep 05, 2016",
        "price": "11.72"
    },
    {
        "date": "Sep 04, 2016",
        "price": "11.68"
    },
    {
        "date": "Sep 03, 2016",
        "price": "11.76"
    },
    {
        "date": "Sep 02, 2016",
        "price": "12.11"
    },
    {
        "date": "Sep 01, 2016",
        "price": "11.99"
    },
    {
        "date": "Aug 31, 2016",
        "price": "11.67"
    },
    {
        "date": "Aug 30, 2016",
        "price": "11.23"
    },
    {
        "date": "Aug 29, 2016",
        "price": "10.98"
    },
    {
        "date": "Aug 28, 2016",
        "price": "10.93"
    },
    {
        "date": "Aug 27, 2016",
        "price": "11.15"
    },
    {
        "date": "Aug 26, 2016",
        "price": "11.30"
    },
    {
        "date": "Aug 25, 2016",
        "price": "11.36"
    },
    {
        "date": "Aug 24, 2016",
        "price": "11.04"
    },
    {
        "date": "Aug 23, 2016",
        "price": "11.03"
    },
    {
        "date": "Aug 22, 2016",
        "price": "11.12"
    },
    {
        "date": "Aug 21, 2016",
        "price": "11.18"
    },
    {
        "date": "Aug 20, 2016",
        "price": "11.25"
    },
    {
        "date": "Aug 19, 2016",
        "price": "10.75"
    },
    {
        "date": "Aug 18, 2016",
        "price": "10.76"
    },
    {
        "date": "Aug 17, 2016",
        "price": "10.75"
    },
    {
        "date": "Aug 16, 2016",
        "price": "11.14"
    },
    {
        "date": "Aug 15, 2016",
        "price": "11.22"
    },
    {
        "date": "Aug 14, 2016",
        "price": "11.19"
    },
    {
        "date": "Aug 13, 2016",
        "price": "11.57"
    },
    {
        "date": "Aug 12, 2016",
        "price": "11.78"
    },
    {
        "date": "Aug 11, 2016",
        "price": "11.69"
    },
    {
        "date": "Aug 10, 2016",
        "price": "12.14"
    },
    {
        "date": "Aug 09, 2016",
        "price": "12.24"
    },
    {
        "date": "Aug 08, 2016",
        "price": "11.25"
    },
    {
        "date": "Aug 07, 2016",
        "price": "10.91"
    },
    {
        "date": "Aug 06, 2016",
        "price": "10.88"
    },
    {
        "date": "Aug 05, 2016",
        "price": "10.93"
    },
    {
        "date": "Aug 04, 2016",
        "price": "11.04"
    },
    {
        "date": "Aug 03, 2016",
        "price": "10.29"
    },
    {
        "date": "Aug 02, 2016",
        "price": "8.79"
    },
    {
        "date": "Aug 01, 2016",
        "price": "10.94"
    },
    {
        "date": "Jul 31, 2016",
        "price": "11.88"
    },
    {
        "date": "Jul 30, 2016",
        "price": "12.46"
    },
    {
        "date": "Jul 29, 2016",
        "price": "12.79"
    },
    {
        "date": "Jul 28, 2016",
        "price": "12.84"
    },
    {
        "date": "Jul 27, 2016",
        "price": "12.97"
    },
    {
        "date": "Jul 26, 2016",
        "price": "11.99"
    },
    {
        "date": "Jul 25, 2016",
        "price": "13.84"
    },
    {
        "date": "Jul 24, 2016",
        "price": "12.75"
    },
    {
        "date": "Jul 23, 2016",
        "price": "14.30"
    },
    {
        "date": "Jul 22, 2016",
        "price": "14.66"
    },
    {
        "date": "Jul 21, 2016",
        "price": "12.65"
    },
    {
        "date": "Jul 20, 2016",
        "price": "12.45"
    },
    {
        "date": "Jul 19, 2016",
        "price": "11.62"
    },
    {
        "date": "Jul 18, 2016",
        "price": "11.03"
    },
    {
        "date": "Jul 17, 2016",
        "price": "11.16"
    },
    {
        "date": "Jul 16, 2016",
        "price": "11.65"
    },
    {
        "date": "Jul 15, 2016",
        "price": "11.95"
    },
    {
        "date": "Jul 14, 2016",
        "price": "11.51"
    },
    {
        "date": "Jul 13, 2016",
        "price": "10.50"
    },
    {
        "date": "Jul 12, 2016",
        "price": "10.52"
    },
    {
        "date": "Jul 11, 2016",
        "price": "10.46"
    },
    {
        "date": "Jul 10, 2016",
        "price": "10.95"
    },
    {
        "date": "Jul 09, 2016",
        "price": "10.97"
    },
    {
        "date": "Jul 08, 2016",
        "price": "11.39"
    },
    {
        "date": "Jul 07, 2016",
        "price": "10.11"
    },
    {
        "date": "Jul 06, 2016",
        "price": "10.53"
    },
    {
        "date": "Jul 05, 2016",
        "price": "10.61"
    },
    {
        "date": "Jul 04, 2016",
        "price": "11.47"
    },
    {
        "date": "Jul 03, 2016",
        "price": "11.72"
    },
    {
        "date": "Jul 02, 2016",
        "price": "12.13"
    },
    {
        "date": "Jul 01, 2016",
        "price": "12.20"
    },
    {
        "date": "Jun 30, 2016",
        "price": "12.46"
    },
    {
        "date": "Jun 29, 2016",
        "price": "12.61"
    },
    {
        "date": "Jun 28, 2016",
        "price": "12.18"
    },
    {
        "date": "Jun 27, 2016",
        "price": "13.88"
    },
    {
        "date": "Jun 26, 2016",
        "price": "13.85"
    },
    {
        "date": "Jun 25, 2016",
        "price": "14.28"
    },
    {
        "date": "Jun 24, 2016",
        "price": "14.33"
    },
    {
        "date": "Jun 23, 2016",
        "price": "13.68"
    },
    {
        "date": "Jun 22, 2016",
        "price": "13.10"
    },
    {
        "date": "Jun 21, 2016",
        "price": "13.31"
    },
    {
        "date": "Jun 20, 2016",
        "price": "11.84"
    },
    {
        "date": "Jun 19, 2016",
        "price": "12.23"
    },
    {
        "date": "Jun 18, 2016",
        "price": "11.33"
    },
    {
        "date": "Jun 17, 2016",
        "price": "15.38"
    },
    {
        "date": "Jun 16, 2016",
        "price": "20.59"
    },
    {
        "date": "Jun 15, 2016",
        "price": "18.35"
    },
    {
        "date": "Jun 14, 2016",
        "price": "18.89"
    },
    {
        "date": "Jun 13, 2016",
        "price": "17.60"
    },
    {
        "date": "Jun 12, 2016",
        "price": "15.74"
    },
    {
        "date": "Jun 11, 2016",
        "price": "14.19"
    },
    {
        "date": "Jun 10, 2016",
        "price": "13.91"
    },
    {
        "date": "Jun 09, 2016",
        "price": "14.40"
    },
    {
        "date": "Jun 08, 2016",
        "price": "14.42"
    },
    {
        "date": "Jun 07, 2016",
        "price": "14.51"
    },
    {
        "date": "Jun 06, 2016",
        "price": "13.93"
    },
    {
        "date": "Jun 05, 2016",
        "price": "13.97"
    },
    {
        "date": "Jun 04, 2016",
        "price": "13.74"
    },
    {
        "date": "Jun 03, 2016",
        "price": "13.85"
    },
    {
        "date": "Jun 02, 2016",
        "price": "13.74"
    },
    {
        "date": "Jun 01, 2016",
        "price": "14.00"
    },
    {
        "date": "May 31, 2016",
        "price": "14.08"
    },
    {
        "date": "May 30, 2016",
        "price": "12.73"
    },
    {
        "date": "May 29, 2016",
        "price": "12.35"
    },
    {
        "date": "May 28, 2016",
        "price": "11.89"
    },
    {
        "date": "May 27, 2016",
        "price": "11.30"
    },
    {
        "date": "May 26, 2016",
        "price": "12.43"
    },
    {
        "date": "May 25, 2016",
        "price": "12.53"
    },
    {
        "date": "May 24, 2016",
        "price": "12.73"
    },
    {
        "date": "May 23, 2016",
        "price": "13.46"
    },
    {
        "date": "May 22, 2016",
        "price": "14.29"
    },
    {
        "date": "May 21, 2016",
        "price": "14.02"
    },
    {
        "date": "May 20, 2016",
        "price": "13.64"
    },
    {
        "date": "May 19, 2016",
        "price": "14.77"
    },
    {
        "date": "May 18, 2016",
        "price": "13.56"
    },
    {
        "date": "May 17, 2016",
        "price": "12.20"
    },
    {
        "date": "May 16, 2016",
        "price": "11.17"
    },
    {
        "date": "May 15, 2016",
        "price": "9.96"
    },
    {
        "date": "May 14, 2016",
        "price": "10.24"
    },
    {
        "date": "May 13, 2016",
        "price": "10.51"
    },
    {
        "date": "May 12, 2016",
        "price": "10.06"
    },
    {
        "date": "May 11, 2016",
        "price": "10.00"
    },
    {
        "date": "May 10, 2016",
        "price": "9.36"
    },
    {
        "date": "May 09, 2016",
        "price": "9.30"
    },
    {
        "date": "May 08, 2016",
        "price": "9.48"
    },
    {
        "date": "May 07, 2016",
        "price": "9.37"
    },
    {
        "date": "May 06, 2016",
        "price": "9.35"
    },
    {
        "date": "May 05, 2016",
        "price": "9.83"
    },
    {
        "date": "May 04, 2016",
        "price": "9.41"
    },
    {
        "date": "May 03, 2016",
        "price": "9.31"
    },
    {
        "date": "May 02, 2016",
        "price": "10.16"
    },
    {
        "date": "May 01, 2016",
        "price": "8.85"
    },
    {
        "date": "Apr 30, 2016",
        "price": "8.81"
    },
    {
        "date": "Apr 29, 2016",
        "price": "7.46"
    },
    {
        "date": "Apr 28, 2016",
        "price": "7.17"
    },
    {
        "date": "Apr 27, 2016",
        "price": "7.76"
    },
    {
        "date": "Apr 26, 2016",
        "price": "7.40"
    },
    {
        "date": "Apr 25, 2016",
        "price": "7.55"
    },
    {
        "date": "Apr 24, 2016",
        "price": "8.00"
    },
    {
        "date": "Apr 23, 2016",
        "price": "8.29"
    },
    {
        "date": "Apr 22, 2016",
        "price": "7.82"
    },
    {
        "date": "Apr 21, 2016",
        "price": "8.10"
    },
    {
        "date": "Apr 20, 2016",
        "price": "8.47"
    },
    {
        "date": "Apr 19, 2016",
        "price": "8.71"
    },
    {
        "date": "Apr 18, 2016",
        "price": "9.04"
    },
    {
        "date": "Apr 17, 2016",
        "price": "9.31"
    },
    {
        "date": "Apr 16, 2016",
        "price": "8.61"
    },
    {
        "date": "Apr 15, 2016",
        "price": "8.24"
    },
    {
        "date": "Apr 14, 2016",
        "price": "8.39"
    },
    {
        "date": "Apr 13, 2016",
        "price": "8.04"
    },
    {
        "date": "Apr 12, 2016",
        "price": "7.44"
    },
    {
        "date": "Apr 11, 2016",
        "price": "8.64"
    },
    {
        "date": "Apr 10, 2016",
        "price": "8.94"
    },
    {
        "date": "Apr 09, 2016",
        "price": "9.15"
    },
    {
        "date": "Apr 08, 2016",
        "price": "9.72"
    },
    {
        "date": "Apr 07, 2016",
        "price": "10.07"
    },
    {
        "date": "Apr 06, 2016",
        "price": "10.69"
    },
    {
        "date": "Apr 05, 2016",
        "price": "10.44"
    },
    {
        "date": "Apr 04, 2016",
        "price": "11.16"
    },
    {
        "date": "Apr 03, 2016",
        "price": "11.62"
    },
    {
        "date": "Apr 02, 2016",
        "price": "11.60"
    },
    {
        "date": "Apr 01, 2016",
        "price": "11.66"
    },
    {
        "date": "Mar 31, 2016",
        "price": "11.40"
    },
    {
        "date": "Mar 30, 2016",
        "price": "11.95"
    },
    {
        "date": "Mar 29, 2016",
        "price": "11.66"
    },
    {
        "date": "Mar 28, 2016",
        "price": "11.67"
    },
    {
        "date": "Mar 27, 2016",
        "price": "10.42"
    },
    {
        "date": "Mar 26, 2016",
        "price": "10.97"
    },
    {
        "date": "Mar 25, 2016",
        "price": "10.74"
    },
    {
        "date": "Mar 24, 2016",
        "price": "11.23"
    },
    {
        "date": "Mar 23, 2016",
        "price": "12.42"
    },
    {
        "date": "Mar 22, 2016",
        "price": "11.27"
    },
    {
        "date": "Mar 21, 2016",
        "price": "11.86"
    },
    {
        "date": "Mar 20, 2016",
        "price": "10.32"
    },
    {
        "date": "Mar 19, 2016",
        "price": "10.53"
    },
    {
        "date": "Mar 18, 2016",
        "price": "11.00"
    },
    {
        "date": "Mar 17, 2016",
        "price": "11.08"
    },
    {
        "date": "Mar 16, 2016",
        "price": "12.52"
    },
    {
        "date": "Mar 15, 2016",
        "price": "13.01"
    },
    {
        "date": "Mar 14, 2016",
        "price": "12.45"
    },
    {
        "date": "Mar 13, 2016",
        "price": "14.47"
    },
    {
        "date": "Mar 12, 2016",
        "price": "13.53"
    },
    {
        "date": "Mar 11, 2016",
        "price": "11.08"
    },
    {
        "date": "Mar 10, 2016",
        "price": "11.30"
    },
    {
        "date": "Mar 09, 2016",
        "price": "11.90"
    },
    {
        "date": "Mar 08, 2016",
        "price": "9.85"
    },
    {
        "date": "Mar 07, 2016",
        "price": "9.55"
    },
    {
        "date": "Mar 06, 2016",
        "price": "11.38"
    },
    {
        "date": "Mar 05, 2016",
        "price": "11.00"
    },
    {
        "date": "Mar 04, 2016",
        "price": "10.41"
    },
    {
        "date": "Mar 03, 2016",
        "price": "9.29"
    },
    {
        "date": "Mar 02, 2016",
        "price": "8.47"
    },
    {
        "date": "Mar 01, 2016",
        "price": "7.65"
    },
    {
        "date": "Feb 29, 2016",
        "price": "6.34"
    },
    {
        "date": "Feb 28, 2016",
        "price": "6.47"
    },
    {
        "date": "Feb 27, 2016",
        "price": "6.43"
    },
    {
        "date": "Feb 26, 2016",
        "price": "5.92"
    },
    {
        "date": "Feb 25, 2016",
        "price": "6.10"
    },
    {
        "date": "Feb 24, 2016",
        "price": "6.24"
    },
    {
        "date": "Feb 23, 2016",
        "price": "5.59"
    },
    {
        "date": "Feb 22, 2016",
        "price": "5.62"
    },
    {
        "date": "Feb 21, 2016",
        "price": "4.65"
    },
    {
        "date": "Feb 20, 2016",
        "price": "4.34"
    },
    {
        "date": "Feb 19, 2016",
        "price": "4.74"
    },
    {
        "date": "Feb 18, 2016",
        "price": "4.40"
    },
    {
        "date": "Feb 17, 2016",
        "price": "3.76"
    },
    {
        "date": "Feb 16, 2016",
        "price": "4.32"
    },
    {
        "date": "Feb 15, 2016",
        "price": "5.29"
    },
    {
        "date": "Feb 14, 2016",
        "price": "5.24"
    },
    {
        "date": "Feb 13, 2016",
        "price": "5.39"
    },
    {
        "date": "Feb 12, 2016",
        "price": "5.55"
    },
    {
        "date": "Feb 11, 2016",
        "price": "6.01"
    },
    {
        "date": "Feb 10, 2016",
        "price": "4.44"
    },
    {
        "date": "Feb 09, 2016",
        "price": "4.04"
    },
    {
        "date": "Feb 08, 2016",
        "price": "3.18"
    },
    {
        "date": "Feb 07, 2016",
        "price": "2.96"
    },
    {
        "date": "Feb 06, 2016",
        "price": "2.53"
    },
    {
        "date": "Feb 05, 2016",
        "price": "2.54"
    },
    {
        "date": "Feb 04, 2016",
        "price": "2.58"
    },
    {
        "date": "Feb 03, 2016",
        "price": "2.53"
    },
    {
        "date": "Feb 02, 2016",
        "price": "2.44"
    },
    {
        "date": "Feb 01, 2016",
        "price": "2.21"
    },
    {
        "date": "Jan 31, 2016",
        "price": "2.31"
    },
    {
        "date": "Jan 30, 2016",
        "price": "2.45"
    },
    {
        "date": "Jan 29, 2016",
        "price": "2.49"
    },
    {
        "date": "Jan 28, 2016",
        "price": "2.53"
    },
    {
        "date": "Jan 27, 2016",
        "price": "2.39"
    },
    {
        "date": "Jan 26, 2016",
        "price": "2.28"
    },
    {
        "date": "Jan 25, 2016",
        "price": "2.50"
    },
    {
        "date": "Jan 24, 2016",
        "price": "2.14"
    },
    {
        "date": "Jan 23, 2016",
        "price": "1.97"
    },
    {
        "date": "Jan 22, 2016",
        "price": "1.50"
    },
    {
        "date": "Jan 21, 2016",
        "price": "1.55"
    },
    {
        "date": "Jan 20, 2016",
        "price": "1.53"
    },
    {
        "date": "Jan 19, 2016",
        "price": "1.37"
    },
    {
        "date": "Jan 18, 2016",
        "price": "1.43"
    },
    {
        "date": "Jan 17, 2016",
        "price": "1.33"
    },
    {
        "date": "Jan 16, 2016",
        "price": "1.22"
    },
    {
        "date": "Jan 15, 2016",
        "price": "1.21"
    },
    {
        "date": "Jan 14, 2016",
        "price": "1.19"
    },
    {
        "date": "Jan 13, 2016",
        "price": "1.13"
    },
    {
        "date": "Jan 12, 2016",
        "price": "1.14"
    },
    {
        "date": "Jan 11, 2016",
        "price": "1.06"
    },
    {
        "date": "Jan 10, 2016",
        "price": "0.999231"
    },
    {
        "date": "Jan 09, 2016",
        "price": "0.986833"
    },
    {
        "date": "Jan 08, 2016",
        "price": "0.986789"
    },
    {
        "date": "Jan 07, 2016",
        "price": "0.942005"
    },
    {
        "date": "Jan 06, 2016",
        "price": "0.950860"
    },
    {
        "date": "Jan 05, 2016",
        "price": "0.950176"
    },
    {
        "date": "Jan 04, 2016",
        "price": "0.954480"
    },
    {
        "date": "Jan 03, 2016",
        "price": "0.971905"
    },
    {
        "date": "Jan 02, 2016",
        "price": "0.937124"
    },
    {
        "date": "Jan 01, 2016",
        "price": "0.948024"
    },
    {
        "date": "Dec 31, 2015",
        "price": "0.933542"
    },
    {
        "date": "Dec 30, 2015",
        "price": "0.911958"
    },
    {
        "date": "Dec 29, 2015",
        "price": "0.873054"
    },
    {
        "date": "Dec 28, 2015",
        "price": "0.845005"
    },
    {
        "date": "Dec 27, 2015",
        "price": "0.856365"
    },
    {
        "date": "Dec 26, 2015",
        "price": "0.854603"
    },
    {
        "date": "Dec 25, 2015",
        "price": "0.870363"
    },
    {
        "date": "Dec 24, 2015",
        "price": "0.863262"
    },
    {
        "date": "Dec 23, 2015",
        "price": "0.858077"
    },
    {
        "date": "Dec 22, 2015",
        "price": "0.864202"
    },
    {
        "date": "Dec 21, 2015",
        "price": "0.900771"
    },
    {
        "date": "Dec 20, 2015",
        "price": "0.903885"
    },
    {
        "date": "Dec 19, 2015",
        "price": "0.908072"
    },
    {
        "date": "Dec 18, 2015",
        "price": "0.920127"
    },
    {
        "date": "Dec 17, 2015",
        "price": "0.940701"
    },
    {
        "date": "Dec 16, 2015",
        "price": "0.991182"
    },
    {
        "date": "Dec 15, 2015",
        "price": "1.01"
    },
    {
        "date": "Dec 14, 2015",
        "price": "0.993022"
    },
    {
        "date": "Dec 13, 2015",
        "price": "0.952884"
    },
    {
        "date": "Dec 12, 2015",
        "price": "0.976973"
    },
    {
        "date": "Dec 11, 2015",
        "price": "0.929762"
    },
    {
        "date": "Dec 10, 2015",
        "price": "0.840396"
    },
    {
        "date": "Dec 09, 2015",
        "price": "0.792167"
    },
    {
        "date": "Dec 08, 2015",
        "price": "0.822118"
    },
    {
        "date": "Dec 07, 2015",
        "price": "0.811264"
    },
    {
        "date": "Dec 06, 2015",
        "price": "0.835500"
    },
    {
        "date": "Dec 05, 2015",
        "price": "0.862438"
    },
    {
        "date": "Dec 04, 2015",
        "price": "0.840041"
    },
    {
        "date": "Dec 03, 2015",
        "price": "0.812143"
    },
    {
        "date": "Dec 02, 2015",
        "price": "0.821210"
    },
    {
        "date": "Dec 01, 2015",
        "price": "0.874800"
    },
    {
        "date": "Nov 30, 2015",
        "price": "0.873119"
    },
    {
        "date": "Nov 29, 2015",
        "price": "0.878614"
    },
    {
        "date": "Nov 28, 2015",
        "price": "0.915703"
    },
    {
        "date": "Nov 27, 2015",
        "price": "0.867951"
    },
    {
        "date": "Nov 26, 2015",
        "price": "0.884183"
    },
    {
        "date": "Nov 25, 2015",
        "price": "0.863537"
    },
    {
        "date": "Nov 24, 2015",
        "price": "0.900191"
    },
    {
        "date": "Nov 23, 2015",
        "price": "0.946969"
    },
    {
        "date": "Nov 22, 2015",
        "price": "0.968018"
    },
    {
        "date": "Nov 21, 2015",
        "price": "0.976140"
    },
    {
        "date": "Nov 20, 2015",
        "price": "0.924920"
    },
    {
        "date": "Nov 19, 2015",
        "price": "0.955532"
    },
    {
        "date": "Nov 18, 2015",
        "price": "0.993319"
    },
    {
        "date": "Nov 17, 2015",
        "price": "1.01"
    },
    {
        "date": "Nov 16, 2015",
        "price": "0.928962"
    },
    {
        "date": "Nov 15, 2015",
        "price": "0.906368"
    },
    {
        "date": "Nov 14, 2015",
        "price": "0.888812"
    },
    {
        "date": "Nov 13, 2015",
        "price": "0.904096"
    },
    {
        "date": "Nov 12, 2015",
        "price": "0.895711"
    },
    {
        "date": "Nov 11, 2015",
        "price": "0.791829"
    },
    {
        "date": "Nov 10, 2015",
        "price": "0.934348"
    },
    {
        "date": "Nov 09, 2015",
        "price": "0.999278"
    },
    {
        "date": "Nov 08, 2015",
        "price": "1.03"
    },
    {
        "date": "Nov 07, 2015",
        "price": "0.927974"
    },
    {
        "date": "Nov 06, 2015",
        "price": "0.926032"
    },
    {
        "date": "Nov 05, 2015",
        "price": "0.895637"
    },
    {
        "date": "Nov 04, 2015",
        "price": "0.899050"
    },
    {
        "date": "Nov 03, 2015",
        "price": "1.01"
    },
    {
        "date": "Nov 02, 2015",
        "price": "0.989789"
    },
    {
        "date": "Nov 01, 2015",
        "price": "1.06"
    },
    {
        "date": "Oct 31, 2015",
        "price": "0.916627"
    },
    {
        "date": "Oct 30, 2015",
        "price": "1.04"
    },
    {
        "date": "Oct 29, 2015",
        "price": "1.21"
    },
    {
        "date": "Oct 28, 2015",
        "price": "1.00"
    },
    {
        "date": "Oct 27, 2015",
        "price": "0.869641"
    },
    {
        "date": "Oct 26, 2015",
        "price": "0.731317"
    },
    {
        "date": "Oct 25, 2015",
        "price": "0.616039"
    },
    {
        "date": "Oct 24, 2015",
        "price": "0.563590"
    },
    {
        "date": "Oct 23, 2015",
        "price": "0.539657"
    },
    {
        "date": "Oct 22, 2015",
        "price": "0.567702"
    },
    {
        "date": "Oct 21, 2015",
        "price": "0.447329"
    },
    {
        "date": "Oct 20, 2015",
        "price": "0.434829"
    },
    {
        "date": "Oct 19, 2015",
        "price": "0.489014"
    },
    {
        "date": "Oct 18, 2015",
        "price": "0.517734"
    },
    {
        "date": "Oct 17, 2015",
        "price": "0.547178"
    },
    {
        "date": "Oct 16, 2015",
        "price": "0.536495"
    },
    {
        "date": "Oct 15, 2015",
        "price": "0.561878"
    },
    {
        "date": "Oct 14, 2015",
        "price": "0.522968"
    },
    {
        "date": "Oct 13, 2015",
        "price": "0.607655"
    },
    {
        "date": "Oct 12, 2015",
        "price": "0.626030"
    },
    {
        "date": "Oct 11, 2015",
        "price": "0.634963"
    },
    {
        "date": "Oct 10, 2015",
        "price": "0.627857"
    },
    {
        "date": "Oct 09, 2015",
        "price": "0.650628"
    },
    {
        "date": "Oct 08, 2015",
        "price": "0.621716"
    },
    {
        "date": "Oct 07, 2015",
        "price": "0.609388"
    },
    {
        "date": "Oct 06, 2015",
        "price": "0.650645"
    },
    {
        "date": "Oct 05, 2015",
        "price": "0.628643"
    },
    {
        "date": "Oct 04, 2015",
        "price": "0.668379"
    },
    {
        "date": "Oct 03, 2015",
        "price": "0.687171"
    },
    {
        "date": "Oct 02, 2015",
        "price": "0.678574"
    },
    {
        "date": "Oct 01, 2015",
        "price": "0.690215"
    },
    {
        "date": "Sep 30, 2015",
        "price": "0.738644"
    },
    {
        "date": "Sep 29, 2015",
        "price": "0.661146"
    },
    {
        "date": "Sep 28, 2015",
        "price": "0.582886"
    },
    {
        "date": "Sep 27, 2015",
        "price": "0.720839"
    },
    {
        "date": "Sep 26, 2015",
        "price": "0.785964"
    },
    {
        "date": "Sep 25, 2015",
        "price": "0.736223"
    },
    {
        "date": "Sep 24, 2015",
        "price": "0.813610"
    },
    {
        "date": "Sep 23, 2015",
        "price": "0.893406"
    },
    {
        "date": "Sep 22, 2015",
        "price": "0.901796"
    },
    {
        "date": "Sep 21, 2015",
        "price": "0.919047"
    },
    {
        "date": "Sep 20, 2015",
        "price": "0.938445"
    },
    {
        "date": "Sep 19, 2015",
        "price": "0.882391"
    },
    {
        "date": "Sep 18, 2015",
        "price": "0.853685"
    },
    {
        "date": "Sep 17, 2015",
        "price": "0.874231"
    },
    {
        "date": "Sep 16, 2015",
        "price": "0.907175"
    },
    {
        "date": "Sep 15, 2015",
        "price": "0.944410"
    },
    {
        "date": "Sep 14, 2015",
        "price": "0.875622"
    },
    {
        "date": "Sep 13, 2015",
        "price": "0.936003"
    },
    {
        "date": "Sep 12, 2015",
        "price": "1.04"
    },
    {
        "date": "Sep 11, 2015",
        "price": "0.982978"
    },
    {
        "date": "Sep 10, 2015",
        "price": "1.17"
    },
    {
        "date": "Sep 09, 2015",
        "price": "1.21"
    },
    {
        "date": "Sep 08, 2015",
        "price": "1.24"
    },
    {
        "date": "Sep 07, 2015",
        "price": "1.25"
    },
    {
        "date": "Sep 06, 2015",
        "price": "1.30"
    },
    {
        "date": "Sep 05, 2015",
        "price": "1.34"
    },
    {
        "date": "Sep 04, 2015",
        "price": "1.27"
    },
    {
        "date": "Sep 03, 2015",
        "price": "1.26"
    },
    {
        "date": "Sep 02, 2015",
        "price": "1.29"
    },
    {
        "date": "Sep 01, 2015",
        "price": "1.35"
    },
    {
        "date": "Aug 31, 2015",
        "price": "1.36"
    },
    {
        "date": "Aug 30, 2015",
        "price": "1.32"
    },
    {
        "date": "Aug 29, 2015",
        "price": "1.18"
    },
    {
        "date": "Aug 28, 2015",
        "price": "1.19"
    },
    {
        "date": "Aug 27, 2015",
        "price": "1.15"
    },
    {
        "date": "Aug 26, 2015",
        "price": "1.16"
    },
    {
        "date": "Aug 25, 2015",
        "price": "1.14"
    },
    {
        "date": "Aug 24, 2015",
        "price": "1.23"
    },
    {
        "date": "Aug 23, 2015",
        "price": "1.35"
    },
    {
        "date": "Aug 22, 2015",
        "price": "1.38"
    },
    {
        "date": "Aug 21, 2015",
        "price": "1.40"
    },
    {
        "date": "Aug 20, 2015",
        "price": "1.46"
    },
    {
        "date": "Aug 19, 2015",
        "price": "1.26"
    },
    {
        "date": "Aug 18, 2015",
        "price": "1.09"
    },
    {
        "date": "Aug 17, 2015",
        "price": "1.20"
    },
    {
        "date": "Aug 16, 2015",
        "price": "1.57"
    },
    {
        "date": "Aug 15, 2015",
        "price": "1.69"
    },
    {
        "date": "Aug 14, 2015",
        "price": "1.83"
    },
    {
        "date": "Aug 13, 2015",
        "price": "1.83"
    },
    {
        "date": "Aug 12, 2015",
        "price": "1.22"
    },
    {
        "date": "Aug 11, 2015",
        "price": "1.07"
    },
    {
        "date": "Aug 10, 2015",
        "price": "0.708448"
    },
    {
        "date": "Aug 09, 2015",
        "price": "0.701897"
    },
    {
        "date": "Aug 08, 2015",
        "price": "0.753325"
    },
    {
        "date": "Aug 07, 2015",
        "price": "2.77"
    }
]